Fund Name,P1,P2,P3,P4,P5,Topsis Score,Rank
M1,0.78,0.61,6.9,55.0,15.82,0.5818598350230728,4
M2,0.62,0.38,6.8,51.8,14.9,0.6665986753531794,2
M3,0.9,0.81,3.3,48.0,13.25,0.2452824757110458,8
M4,0.78,0.61,4.9,51.1,14.35,0.4807967888696722,6
M5,0.81,0.66,3.2,69.6,18.57,0.6005177692495288,3
M6,0.72,0.52,6.1,57.5,16.21,0.6715089153407007,1
M7,0.95,0.9,5.9,45.0,13.19,0.2572903715289778,7
M8,0.63,0.4,6.7,39.2,11.73,0.5252957867810368,5
